﻿<parameters>
  <parameter name="IIS Web Application Name" defaultValue="Default Web Site/IagusaMedicals_deploy" tags="IisApp">
    <parameterEntry kind="ProviderPath" scope="IisApp" match="^C:\\Users\\Fernando\ Viscarra\\source\\repos\\IagusaMedicals\\IagusaMedicals\\obj\\Release\\Package\\PackageTmp$" />
    <parameterEntry kind="ProviderPath" scope="setAcl" match="^C:\\Users\\Fernando\ Viscarra\\source\\repos\\IagusaMedicals\\IagusaMedicals\\obj\\Release\\Package\\PackageTmp$" />
  </parameter>
  <parameter name="DefaultConnection-Web.config Connection String" defaultValue="Data Source=52.42.238.169;Initial Catalog=IAG;Persist Security Info=True;User=MBSS;Password=3NF0RC3R!">
    <parameterEntry kind="XmlFile" scope="C:\\Users\\Fernando\ Viscarra\\source\\repos\\IagusaMedicals\\IagusaMedicals\\obj\\Release\\Package\\PackageTmp\\Web\.config$" match="/configuration/connectionStrings/add[@name='DefaultConnection']/@connectionString" />
  </parameter>
  <parameter name="IAGEntities-Web.config Connection String" defaultValue="metadata=res://*/ModelIAG.csdl|res://*/ModelIAG.ssdl|res://*/ModelIAG.msl;provider=System.Data.SqlClient;provider connection string=&quot;data source=52.42.238.169;initial catalog=IAG;persist security info=True;user id=MBSS;password=3NF0RC3R!;MultipleActiveResultSets=True;App=EntityFramework&quot;">
    <parameterEntry kind="XmlFile" scope="C:\\Users\\Fernando\ Viscarra\\source\\repos\\IagusaMedicals\\IagusaMedicals\\obj\\Release\\Package\\PackageTmp\\Web\.config$" match="/configuration/connectionStrings/add[@name='IAGEntities']/@connectionString" />
  </parameter>
</parameters>